{"accuracy": 0.7796730632551528, "classification_report": {"0": {"precision": 0.8140747176368376, "recall": 0.9070667957405615, "f1-score": 0.858058608058608, "support": 1033.0}, "1": {"precision": 0.625, "recall": 0.42780748663101603, "f1-score": 0.5079365079365079, "support": 374.0}, "accuracy": 0.7796730632551528, "macro avg": {"precision": 0.7195373588184188, "recall": 0.6674371411857888, "f1-score": 0.682997557997558, "support": 1407.0}, "weighted avg": {"precision": 0.7638160506885951, "recall": 0.7796730632551528, "f1-score": 0.7649913262919658, "support": 1407.0}}}